<PAMDataset>
  <Metadata />
  <Metadata domain="Esri">
    <MDI key="PyramidResamplingType">NEAREST</MDI>
  </Metadata>
  <PAMRasterBand band="1">
    <Histograms>
      <HistItem>
        <HistMin>0.005799999926239252</HistMin>
        <HistMax>1</HistMax>
        <BucketCount>256</BucketCount>
        <IncludeOutOfRange>1</IncludeOutOfRange>
        <Approximate>0</Approximate>
        <HistCounts>411788|290740|306438|149628|58684|30447|18676|11882|7865|5202|2982|1516|873|556|466|434|430|421|401|372|351|318|273|245|207|188|147|140|132|128|110|96|98|82|86|62|79|50|65|47|52|50|32|49|25|37|37|27|29|17|42|19|18|25|26|17|12|14|16|19|14|7|8|7|16|17|3|5|10|8|9|8|12|1|6|10|2|1|6|7|10|12|2|4|3|1|0|6|9|4|5|6|4|3|4|3|1|4|3|3|5|2|0|0|5|4|2|9|3|2|2|0|0|0|1|3|5|0|0|0|0|1|8|5|2|1|4|3|3|0|0|0|0|0|0|3|2|3|0|0|1|2|1|1|0|0|2|4|2|2|0|0|0|1|1|4|0|3|0|0|0|1|3|1|2|3|0|0|0|0|0|0|0|0|0|0|0|0|0|0|0|0|2|1|2|0|2|2|0|0|0|0|0|0|0|0|1|3|0|2|2|1|3|0|0|0|0|0|0|0|0|0|0|0|0|0|0|0|0|0|0|0|0|0|0|0|0|0|0|0|0|0|0|0|0|0|0|0|2|0|2|0|0|0|0|2|2|0|0|0|0|0|0|0|0|24</HistCounts>
      </HistItem>
    </Histograms>
    <Metadata>
      <MDI key="STATISTICS_COVARIANCES">0.0001578396190027687</MDI>
      <MDI key="STATISTICS_EXCLUDEDVALUES"></MDI>
      <MDI key="STATISTICS_MAXIMUM">1</MDI>
      <MDI key="STATISTICS_MEAN">0.014553944581755</MDI>
      <MDI key="STATISTICS_MINIMUM">0.0057999999262393</MDI>
      <MDI key="STATISTICS_SKIPFACTORX">1</MDI>
      <MDI key="STATISTICS_SKIPFACTORY">1</MDI>
      <MDI key="STATISTICS_STDDEV">0.012563423856687</MDI>
    </Metadata>
  </PAMRasterBand>
</PAMDataset>
