<?xml version="1.0" encoding="UTF-8"?>
<metadata xml:lang="ja"><Esri><CreaDate>20170406</CreaDate><CreaTime>09321000</CreaTime><ArcGISFormat>1.0</ArcGISFormat><SyncOnce>TRUE</SyncOnce><DataProperties><lineage><Process ToolSource="c:\program files (x86)\arcgis\desktop10.3\ArcToolbox\Toolboxes\Data Management Tools.tbx\CalculateField" Date="20170406" Time="091246">CalculateField 計算開始地点 番号 [Id] VB #</Process></lineage><itemProps><itemLocation><linkage Sync="TRUE">file://\\10.45.150.9\Job\H28\H28（東京都）伊豆諸島火山避難計画等作成支援委託\■04■　GIS\火山ハザードマップ\八丈島\03_溶岩流\計算開始地点コピー</linkage><protocol Sync="TRUE">Local Area Network</protocol></itemLocation></itemProps><copyHistory><copy source="\\10.45.150.9\Job\H28\H28（東京都）伊豆諸島火山避難計画等作成支援委託\■04■　GIS\火山ハザードマップ\八丈島\03_溶岩流\計算開始地点" dest="\\10.45.150.9\Job\H28\H28（東京都）伊豆諸島火山避難計画等作成支援委託\■04■　GIS\火山ハザードマップ\八丈島\03_溶岩流\計算開始地点コピー" date="20170406" time="09321000"></copy></copyHistory></DataProperties></Esri></metadata>
