団　体　名,活動場所,電　話
NPO法人 星槎教育研究所,新宿区榎町,03-5225-6245
NPO法人 文化学習協同ネットワーク,武蔵野市御殿山,0422-70-5067
NPO法人 育て上げネット,立川市高松町,042-527-6051
NPO法人青少年自立援助センター,福生市福生、足立区千住,042-553-2575
NPO法人 教育サポートセンターNIRE,品川区中延,03-3784-0450
NPO法人ワーカーズコープ【しんじゅく若者総合支援センター】,新宿区高田馬場,03-3361-7707
（一社）とちぎ青少年自立援助センター【調布センターたけのこ】,調布市国領町,042-446-2378
（一社）SCSカウンセリング研究所,豊島区巣鴨,03-3918-0655
（公社）青少年健康センター【茗荷谷クラブ】,文京区小日向,03-3941-1613
NPO法人ピアサポートネットしぶや,渋谷区恵比寿,03-6459-3848
NPO法人 グッド,板橋区幸町,03-3973-1631
NPO法人 キズキ,渋谷区千駄ヶ谷,03-6273-2953
NPO法人 日本子どもソーシャルワーク協会,世田谷区成城,03-5727-2133
NPO法人 まひろ,世田谷区中町,070-5552-5803
（社福）やまて福祉会,豊島区南池袋,070-6439-1450
NPO法人 ゆどうふ,町田市小山町,042-814-6675
NPO法人楽の会リーラ,豊島区巣鴨,03-5944-5730
NPO法人 メンタルコミュニケーションリサーチ,江東区亀戸,03-5875-2478
NPO法人CNSネットワーク協議会,渋谷区千駄ヶ谷,03-5413-6661
NPO法人　東京シューレ,新宿区若松町,03-5155-9801
（一社）　Spirit,大田区山王,03-6429-2337
（一社）とち�102,168,217,217,239,237,190,141,128,122,117,106,95,64,26,15,2,1,1278,50,62,54,63,78,110,111,130,128,105,77,69,60,57,44,42,31,5,2,0,0,1229,61,45,48,39,90,107,106,109,109,85,64,59,62,60,62,53,33,21,13,2,1,3538,185,184,214,208,196,212,242,302,344,365,273,172,198,146,96,93,59,36,10,2,1,1741,99,91,109,106,89,99,114,149,183,181,141,92,102,66,40,37,25,15,3,0,0,1797,86,93,105,102,107,113,128,153,161,184,132,80,96,80,56,56,34,21,7,2,1,2364,88,71,91,104,148,180,194,175,218,147,135,128,147,162,159,106,58,40,9,4,0,1182,46,40,53,50,72,93,101,86,115,85,69,71,74,75,70,53,22,7,0,0,0,1182,42,31,38,54,76,87,93,89,103,62,66,57,73,87,89,53,36,33,9,4,0,2264,88,71,93,104,109,161,172,159,176,165,153,122,181,178,134,108,53,26,9,2,0,1108,45,34,46,59,52,75,89,93,89,81,77,56,81,80,67,51,17,14,2,0,0,1156,43,37,47,45,57,86,83,66,87,84,76,66,100,98,67,57,36,12,7,2,0,2336,90,101,105,120,196,205,183,175,210,210,171,101,111,89,76,72,51,44,15,8,3,1153,45,54,45,64,94,100,100,94,101,113,98,51,59,39,33,35,18,8,1,1,0,1183,45,47,60,56,102,105,83,81,109,97,73,50,52,50,43,37,33,36,14,7,3,4310,146,160,174,185,209,206,231,271,328,294,305,313,437,396,294,165,119,55,16,5,1,2078,82,88,91,103,100,97,118,134,161,151,140,138,207,191,143,63,50,16,4,1,0,2232,64,72,83,82,109,109,113,137,167,143,165,175,230,205,151,102,69,39,12,4,1,1702,68,78,75,63,78,97,86,132,138,114,90,122,139,165,110,69,44,22,10,2,0,850,36,34,39,35,43,51,43,71,70,62,46,55,66,80,53,36,19,7,4,0,0,852,32,44,36,28,35,46,43,61,68,52,44,67,73,85,57,33,25,15,6,2,0,1346,67,70,65,64,73,68,125,104,107,85,71,76,147,94,71,32,20,5,1,1,0,662,39,37,35,41,45,28,57,52,51,37,37,30,67,47,37,13,8,1,0,0,0,684,28,33,30,23,28,40,68,52,56,48,34,46,80,47,34,19,12,4,1,1,0,1251,72,66,76,70,76,64,72,111,121,128,67,60,64,70,66,32,21,10,4,1,0,642,37,34,41,40,40,30,38,54,61,71,39,30,32,35,29,19,8,2,2,0,0,609,35,32,35,30,36,34,34,57,60,57,28,30,32,35,37,13,13,8,2,1,0,1478,79,92,76,85,69,59,86,123,160,117,67,61,76,96,85,55,46,33,9,4,0,753,37,45,37,43,43,38,40,63,85,67,36,27,34,46,45,31,17,15,2,2,0,725,42,47,39,42,26,21,46,60,75,50,31,34,42,50,40,24,29,18,7,2,0,927,34,17,13,37,56,102,66,80,64,76,64,64,58,60,48,34,22,20,9,2,1,474,15,9,6,23,26,49,36,43,38,45,37,32,39,25,21,12,8,8,2,0,0,453,19,8,7,14,30,53,30,37,26,31,27,32,19,35,27,22,14,12,7,2,1,2052,131,88,80,86,165,179,192,196,180,150,105,90,102,98,66,70,44,15,11,3,1,1101,61,48,43,44,86,105,106,114,108,81,58,43,58,56,34,32,19,4,1,0,0,951,70,40,37,42,79,74,86,82,72,69,47,47,44,42,32,38,25,11,10,3,1,1266,81,91,65,79,49,59,74,140,124,100,70,46,57,67,67,38,26,12,10,8,3,639,49,47,41,37,25,24,38,67,66,55,37,21,29,31,30,22,9,5,2,4,0,627,32,44,24,42,24,35,36,73,58,45,33,25,28,36,37,16,17,7,8,4,3,1698,62,74,83,68,88,102,91,139,147,103,113,97,112,132,105,94,56,25,7,0,0,887,29,41,41,42,53,57,53,81,80,53,65,54,49,68,48,39,24,10,0,0,0,811,33,33,42,26,35,45,38,58,67,50,48,43,63,64,57,55,32,15,7,0,0,2144,73,103,81,98,111,97,102,132,173,150,138,116,157,162,143,134,84,64,21,5,0,1076,40,56,44,52,49,55,59,62,99,79,77,61,72,77,76,56,30,24,6,2,0,1068,33,47,37,46,62,42,43,70,74,71,61,55,85,85,67,78,54,40,15,3,0,580,16,17,16,20,19,27,47,31,41,36,34,45,53,61,44,35,24,9,4,0,1,296,6,9,8,8,10,12,28,18,20,20,22,21,32,24,23,16,12,5,2,0,0,284,10,8,8,12,9,15,19,13,21,16,12,24,21,37,21,19,12,4,2,0,1,3306,168,141,97,122,174,275,332,344,336,288,198,167,168,158,125,103,57,37,12,2,2,1669,92,76,50,61,67,130,172,181,198,147,104,88,90,74,55,44,26,10,3,0,1,1637,76,65,47,61,107,145,160,163,138,141,94,79,78,84,70,59,31,27,9,2,1,3542,216,187,184,140,153,213,277,357,357,347,246,153,186,161,119,109,90,34,9,4,0,1820,114,88,89,72,76,117,144,191,184,195,138,89,101,74,53,37,44,14,0,0,0,1722,102,99,95,68,77,96,133,166,173,152,108,64,85,87,66,72,46,20,9,4,0,2291,105,102,120,124,147,201,152,206,202,198,119,103,124,115,105,83,42,21,15,6,1,1166,55,55,60,59,87,108,79,106,107,103,59,52,68,52,44,44,18,5,2,3,0,1125,50,47,60,65,60,93,73,100,95,95,60,51,56,63,61,39,24,16,13,3,1,2642,144,148,149,135,196,146,183,207,283,210,161,129,125,137,115,71,54,33,13,3,0,1377,69,89,70,74,119,86,104,92,145,124,83,71,73,68,47,30,24,8,1,0,0,1265,75,59,79,61,77,60,79,115,138,86,78,58,52,69,68,41,30,25,12,3,0,624,64,61,25,22,33,16,53,81,70,35,32,24,24,25,27,14,8,3,7,0,0,296,25,28,15,11,18,8,21,40,33,20,17,13,11,9,13,8,3,2,1,0,0,328,39,33,10,11,15,8,32,41,37,15,15,11,13,16,14,6,5,1,6,0,0,524,59,43,22,12,30,49,87,84,57,49,27,5,0,0,0,0,0,0,0,0,0,335,27,21,9,6,19,36,57,57,40,37,22,4,0,0,0,0,0,0,0,0,0,189,32,22,13,6,11,13,30,27,17,12,5,1,0,0,0,0,0,0,0,0,0,1154,46,50,50,41,65,61,54,93,94,73,94,60,71,76,83,62,47,23,10,1,0,574,21,32,22,19,37,31,25,52,54,35,48,36,35,36,32,24,23,7,5,0,0,580,25,18,28,22,28,30,29,41,40,38,46,24,36,40,51,38,24,16,5,1,0,3154,108,165,261,265,192,106,106,158,340,364,299,176,157,170,119,80,52,23,11,2,0,1554,56,75,135,138,98,56,47,69,156,178,156,97,70,85,65,34,23,11,4,1,0,1600,52,90,126,127,94,50,59,89,184,186,143,79,87,85,54,46,29,12,7,1,0,2097,97,93,118,128,100,92,139,158,177,170,147,115,113,112,117,101,74,34,10,1,1,1043,49,50,56,61,53,50,69,87,87,83,74,62,59,52,59,46,27,14,5,0,0,1054,48,43,62,67,47,42,70,71,90,87,73,53,54,60,58,55,47,20,5,1,1,3256,263,221,203,161,115,139,278,322,338,278,209,149,131,120,86,95,85,41,19,3,0,1613,128,106,108,87,59,73,119,162,161,152,112,80,71,57,40,40,31,21,6,0,0,1643,135,115,95,74,56,66,159,160,177,126,97,69,60,63,46,55,54,20,13,3,0,1685,79,79,73,66,79,128,113,112,161,117,91,110,93,91,108,59,65,41,18,2,0,843,43,40,38,37,47,64,64,58,83,64,42,56,49,36,50,24,26,18,3,1,0,842,36,39,35,29,32,64,49,54,78,53,49,54,44,55,58,35,39,23,15,1,0,1216,34,47,73,79,85,76,55,76,99,88,90,80,82,91,58,29,43,22,9,0,0,630,24,24,39,35,55,41,32,35,58,42,51,43,42,46,28,12,15,5,3,0,0,586,10,23,34,44,30,35,23,41,41,46,39,37,40,45,30,17,28,17,6,0,0,1448,52,78,74,71,53,74,74,103,133,109,91,85,112,103,70,74,48,30,11,3,0,719,28,35,38,48,29,33,39,50,72,54,42,45,54,51,27,33,22,16,1,2,0,729,24,43,36,23,24,41,35,53,61,55,49,40,58,52,43,41,26,14,10,1,0,3755,122,121,152,188,228,194,208,261,280,279,252,242,246,232,235,216,176,87,29,6,1,1850,55,57,68,104,126,103,111,137,147,145,121,130,135,96,109,94,66,37,6,3,0,1905,67,64,84,84,102,91,97,124,133,134,131,112,111,136,126,122,110,50,23,3,1,3675,164,188,221,219,208,170,227,246,316,290,232,174,216,201,204,163,133,68,30,5,0,1800,88,94,107,121,111,87,122,114,158,147,119,84,104,98,86,67,57,28,8,0,0,1875,76,94,114,98,97,83,105,132,158,143,113,90,112,103,118,96,76,40,22,5,0,2231,61,85,114,151,147,119,88,108,180,165,136,118,146,137,139,130,120,64,14,8,1,1044,32,49,61,68,74,68,49,50,84,62,71,56,73,60,56,55,54,14,5,3,0,1187,29,36,53,83,73,51,39,58,96,103,65,62,73,77,83,75,66,50,9,5,1,1604,36,52,69,74,116,115,75,92,115,131,114,80,93,109,113,77,63,52,22,4,2,791,21,26,34,41,59,58,38,49,64,65,56,44,44,55,56,28,27,18,7,1,0,813,15,26,35,33,57,57,37,43,51,66,58,36,49,54,57,49,36,34,15,3,2,1875,100,90,97,99,136,90,138,140,145,164,124,106,100,66,72,63,83,51,11,0,0,926,49,54,55,47,65,56,66,75,67,80,66,56,51,31,27,29,30,19,3,0,0,949,51,36,42,52,71,34,72,65,78,84,58,50,49,35,45,34,53,32,8,0,0,684,38,62,66,40,38,28,22,60,101,80,47,36,26,15,11,5,7,2,0,0,0,343,18,29,35,17,24,19,10,27,48,46,19,17,18,7,3,2,3,1,0,0,0,341,20,33,31,23,14,9,12,33,53,34,28,19,8,8,8,3,4,1,0,0,0,2329,109,73,69,77,141,225,253,207,214,219,146,120,135,99,86,53,47,38,14,3,1,1227,58,39,35,44,81,121,135,113,110,122,85,64,70,49,35,23,16,22,4,1,0,1102,51,34,34,33,60,104,118,94,104,97,61,56,65,50,51,30,31,16,10,2,1,2541,112,99,95,83,144,217,239,248,247,238,162,134,127,119,97,73,63,35,5,4,0,1266,58,50,45,42,62,110,124,129,130,117,88,76,65,57,38,32,26,16,0,1,0,1275,54,49,50,41,82,107,115,119,117,121,74,58,62,62,59,41,37,19,5,3,0,1725,125,103,84,88,133,110,167,171,167,118,109,64,76,58,60,42,32,14,3,1,0,893,56,55,40,46,82,62,85,85,91,65,59,34,44,23,25,17,15,7,2,0,0,832,69,48,44,42,51,48,82,86,76,53,50,30,32,35,35,25,17,7,1,1,0,2820,186,93,76,101,151,203,310,307,246,201,178,142,111,121,115,90,80,58,41,8,2,1396,99,43,40,49,86,85,164,169,132,99,91,81,57,64,50,37,23,16,9,2,0,1424,87,50,36,52,65,118,146,138,114,102,87,61,54,57,65,53,57,42,32,6,2,2122,86,82,89,95,112,174,163,211,192,149,151,121,134,96,90,68,62,36,11,0,0,1090,42,42,44,49,51,100,90,114,99,78,84,66,77,50,43,21,27,10,3,0,0,1032,44,40,45,46,61,74,73,97,93,71,67,55,57,46,47,47,35,26,8,0,0,2213,79,88,63,95,138,200,192,202,213,203,148,120,105,125,91,79,51,14,5,2,0,1116,41,46,29,45,57,97,108,107,120,109,76,61,56,65,39,32,16,8,3,1,0,1097,38,42,34,50,81,103,84,95,93,94,72,59,49,60,52,47,35,6,2,1,0,3379,168,151,130,105,171,224,262,294,364,370,291,213,188,146,115,73,66,34,11,3,0,1608,82,74,57,53,75,101,133,151,172,185,145,112,91,65,46,29,18,14,4,1,0,1771,86,77,73,52,96,123,129,143,192,185,146,101,97,81,69,44,48,20,7,2,0,1152,41,24,38,44,60,75,111,98,90,106,90,77,80,58,51,32,43,27,6,0,1,578,24,15,15,24,35,34,62,61,47,46,48,43,43,23,19,15,10,12,2,0,0,574,17,9,23,20,25,41,49,37,43,60,42,34,37,35,32,17,33,15,4,0,1,633,24,16,13,35,41,59,28,46,35,47,47,33,36,35,27,32,40,29,9,1,0,311,9,5,4,15,25,29,18,27,19,31,26,19,18,17,11,10,14,12,2,0,0,322,15,11,9,20,16,30,10,19,16,16,21,14,18,18,16,22,26,17,7,1,0,1671,106,73,63,51,63,93,142,210,210,159,98,73,83,78,52,46,43,16,6,4,2,832,49,39,34,26,30,49,71,109,106,83,51,40,43,41,20,16,18,6,0,1,0,839,57,34,29,25,33,44,71,101,104,76,47,33,40,37,32,30,25,10,6,3,2,2916,128,108,90,125,182,233,278,277,245,236,212,171,164,133,100,100,75,35,21,3,0,1553,77,57,49,74,98,127,167,138,129,123,119,93,87,72,43,47,34,13,6,0,0,1363,51,51,41,51,84,106,111,139,116,113,93,78,77,61,57,53,41,22,15,3,0,995,56,44,35,34,48,104,91,109,73,82,53,54,47,52,34,32,22,18,5,1,1,530,25,22,19,22,22,61,47,59,45,48,24,31,22,27,20,19,7,8,1,0,1,465,31,22,16,12,26,43,44,50,28,34,29,23,25,25,14,13,15,10,4,1,0,1175,52,36,42,49,69,128,111,97,118,86,72,56,68,67,25,32,37,21,8,1,0,575,28,19,19,22,29,55,51,56,73,47,39,26,38,31,12,8,12,8,2,0,0,600,24,17,23,27,40,73,60,41,45,39,33,30,30,36,13,24,25,13,6,1,0,2345,86,66,99,95,113,189,163,164,195,187,152,128,142,148,126,107,89,59,30,6,1,1192,49,34,60,49,52,93,82,99,98,103,86,72,75,67,66,42,30,25,9,1,0,1153,37,32,39,46,61,96,81,65,97,84,66,56,67,81,60,65,59,34,21,5,1,2411,68,83,69,101,137,190,145,186,226,189,130,154,142,162,145,142,76,43,17,6,0,1236,36,40,38,51,69,92,74,103,129,106,73,84,77,74,67,65,33,17,5,3,0,1175,32,43,31,50,68,98,71,83,97,83,57,70,65,88,78,77,43,26,12,3,0,0,0,0,0,0,0,0,0,0,0,0,0,0,0,0,0,0,0,0,0,0,0,0,0,0,0,0,0,0,0,0,0,0,0,0,0,0,0,0,0,0,0,0,0,0,0,0,0,0,0,0,0,0,0,0,0,0,0,0,0,0,0,0,0,0,0,2434,140,124,100,106,104,131,185,215,207,167,152,110,136,142,146,135,63,48,18,4,1,1233,77,57,50,58,57,69,95,120,114,86,79,64,70,66,66,54,32,15,3,1,0,1201,63,67,50,48,47,62,90,95,93,81,73,46,66,76,80,81,31,33,15,3,1,1500,56,70,70,84,135,80,110,78,118,111,116,81,96,71,69,66,48,28,11,1,1,799,25,44,36,46,85,43,62,35,68,58,64,43,55,37,35,27,20,12,4,0,0,701,31,26,34,38,50,37,48,43,50,53,52,38,41,34,34,39,28,16,7,1,1,2075,144,100,85,90,103,121,192,197,192,152,120,85,113,108,101,90,39,26,16,1,0,1098,74,53,46,49,61,67,93,107,110,89,69,49,60,50,51,38,21,10,1,0,0,977,70,47,39,41,42,54,99,90,82,63,51,36,53,58,50,52,18,16,15,1,0,3474,229,408,283,146,97,105,189,419,495,312,186,137,146,122,85,61,27,20,6,0,1,1710,115,224,134,74,41,39,74,208,236,185,95,72,64,55,47,23,14,8,2,0,0,1764,114,184,149,72,56,66,115,211,259,127,91,65,82,67,38,38,13,12,4,0,1,2960,96,85,134,162,149,138,151,172,226,234,221,231,276,221,197,123,88,41,12,3,0,1496,48,43,69,87,79,78,68,100,113,119,112,113,147,110,91,61,36,17,4,1,0,1464,48,42,65,75,70,60,83,72,113,115,109,118,129,111,106,62,52,24,8,2,0,861,43,47,46,45,46,49,68,77,75,83,58,34,34,41,47,28,27,8,4,1,0,458,23,26,24,28,21,25,42,42,40,43,40,18,15,22,22,10,10,7,0,0,0,403,20,21,22,17,25,24,26,35,35,40,18,16,19,19,25,18,17,1,4,1,0,1005,54,47,24,29,54,86,94,108,87,66,36,44,54,54,56,54,36,15,5,1,1,519,33,23,10,16,25,44,54,57,51,42,20,24,25,25,22,27,17,4,0,0,0,486,21,24,14,13,29,42,40,51,36,24,16,20,29,29,34,27,19,11,5,1,1,1153,45,69,67,62,70,102,94,82,96,93,86,49,58,50,47,42,23,11,2,5,0,596,22,36,37,21,33,58,54,45,52,48,49,27,35,27,23,18,8,1,0,2,0,557,23,33,30,41,37,44,40,37,44,45,37,22,23,23,24,24,15,10,2,3,0,27,4,0,0,2,0,2,6,0,3,2,0,1,2,3,0,1,1,0,0,0,0,16,4,0,0,1,0,2,2,0,3,1,0,0,1,1,0,1,0,0,0,0,0,11,0,0,0,1,0,0,4,0,0,1,0,1,1,2,0,0,1,0,0,0,0,485,15,20,24,24,19,30,32,31,43,33,30,27,35,38,29,17,19,9,7,3,0,245,6,9,10,13,10,13,24,16,23,20,15,15,16,22,11,10,6,2,2,2,0,240,9,11,14,11,9,17,8,15,20,13,15,12,19,16,18,7,13,7,5,1,0,189,10,7,11,16,20,9,6,17,15,28,24,6,6,9,3,0,1,1,0,0,0,104,5,2,4,10,14,7,4,6,8,16,13,4,2,6,2,0,1,0,0,0,0,85,5,5,7,6,6,2,2,11,7,12,11,2,4,3,1,0,0,1,0,0,0,1271,54,60,60,53,51,75,80,92,116,100,76,54,73,91,80,67,52,26,10,1,0,637,26,24,34,27,23,43,47,53,60,51,38,30,33,47,35,33,22,9,2,0,0,634,28,36,26,26,28,32,33,39,56,49,38,24,40,44,45,34,30,17,8,1,0,1443,84,70,101,94,80,59,75,92,154,139,114,68,81,55,73,54,32,11,4,2,1,747,47,37,60,47,42,38,34,50,73,66,68,41,43,23,36,26,12,4,0,0,0,696,37,33,41,47,38,21,41,42,81,73,46,27,38,32,37,28,20,7,4,2,1,1656,73,87,88,92,65,83,95,124,155,139,94,75,89,89,112,82,67,36,8,3,0,834,38,47,41,47,36,54,48,68,87,69,45,40,40,44,45,42,26,14,1,2,0,822,35,40,47,45,29,29,47,56,68,70,49,35,49,45,67,40,41,22,7,1,0,3269,149,133,135,165,163,144,165,203,302,261,167,117,159,174,314,240,178,70,23,6,1,1549,75,73,83,87,76,66,91,112,157,130,93,60,70,61,126,88,76,22,2,1,0,1720,74,60,52,78,87,78,74,91,145,131,74,57,89,113,188,152,102,48,21,5,1,754,40,49,45,31,45,44,40,59,88,59,47,29,36,53,50,23,10,5,0,1,0,395,20,25,25,9,25,23,25,31,47,30,30,18,18,24,26,10,6,2,0,1,0,359,20,24,20,22,20,21,15,28,41,29,17,11,18,29,24,13,4,3,0,0,0,468,31,33,31,27,14,14,26,50,59,36,24,18,23,33,18,12,10,5,4,0,0,238,16,17,18,9,4,5,14,21,36,20,14,11,12,18,11,6,5,1,0,0,0,230,15,16,13,18,10,9,12,29,23,16,10,7,11,15,7,6,5,4,4,0,0,1326,114,44,33,33,51,105,203,159,139,95,58,66,57,45,51,34,15,10,11,3,0,678,53,21,16,19,25,47,108,83,76,54,34,37,31,20,20,18,7,4,4,1,0,648,61,23,17,14,26,58,95,76,63,41,24,29,26,25,31,16,8,6,7,2,0,2829,135,173,133,102,116,163,187,269,270,266,204,139,165,139,105,77,94,63,21,6,2,1410,68,88,64,49,57,84,103,126,137,148,110,69,79,73,53,22,44,31,4,1,0,1419,67,85,69,53,59,79,84,143,133,118,94,70,86,66,52,55,50,32,17,5,2,863,41,26,39,29,42,54,69,78,79,53,56,35,48,74,52,46,21,16,4,0,1,445,24,17,19,18,18,28,37,37,42,28,28,19,21,36,31,22,9,8,3,0,0,418,17,9,20,11,24,26,32,41,37,25,28,16,27,38,21,24,12,8,1,0,1,1165,39,36,43,69,65,83,101,107,95,102,70,54,63,68,61,47,32,23,5,2,0,602,21,20,23,35,26,53,59,59,49,55,36,32,38,30,29,21,8,7,0,1,0,563,18,16,20,34,39,30,42,48,46,47,34,22,25,38,32,26,24,16,5,1,0,1708,62,74,64,55,86,130,146,145,148,117,102,79,122,127,64,89,41,41,14,0,2,870,38,38,23,28,45,73,72,81,76,76,55,39,63,61,31,33,22,15,1,0,0,838,24,36,41,27,41,57,74,64,72,41,47,40,59,66,33,56,19,26,13,0,2,949,32,23,36,37,38,91,83,70,73,70,72,62,63,50,49,41,25,23,7,4,0,501,21,13,22,14,20,45,45,39,37,38,43,32,35,29,27,16,14,8,3,0,0,448,11,10,14,23,18,46,38,31,36,32,29,30,28,21,22,25,11,15,4,4,0,387,11,10,13,10,13,21,30,41,35,30,23,26,38,17,25,17,13,13,0,1,0,220,7,8,6,5,7,10,18,26,25,18,16,12,22,8,13,9,3,7,0,0,0,167,4,2,7,5,6,11,12,15,10,12,7,14,16,9,12,8,10,6,0,1,0,926,32,40,28,28,34,41,50,74,106,110,80,64,79,58,35,21,22,14,4,5