<?xml version="1.0" encoding="UTF-8"?>
<metadata xml:lang="ja"><Esri><CreaDate>20180425</CreaDate><CreaTime>14505700</CreaTime><ArcGISFormat>1.0</ArcGISFormat><SyncOnce>TRUE</SyncOnce><DataProperties><lineage><Process ToolSource="c:\program files (x86)\arcgis\desktop10.1\ArcToolbox\Toolboxes\Data Management Tools.tbx\AddField" Date="20180123" Time="170749">AddField "C:\Users\021\Desktop\AKB2017002\03_work\02 SHP\03_火砕流\神津島\中央値\6_神津島中央部_1000万_75(中央値).shp" PageName TEXT # # # # NULLABLE NON_REQUIRED #</Process><Process ToolSource="c:\program files (x86)\arcgis\desktop10.1\ArcToolbox\Toolboxes\Data Management Tools.tbx\CalculateField" Date="20180123" Time="202917">CalculateField "C:\Users\021\Desktop\AKB2017002\03_work\02 SHP\03_火砕流\神津島\中央値\6_神津島中央部_1000万_75(中央値).shp" PageName 6 VB #</Process></lineage><itemProps><itemLocation><linkage Sync="TRUE">file://\\Ocsbaf0007\2022\Projects2022\61\H61200480 価）伊豆諸島火山ＨＭ作成\WORK\12 成果品\GISデータ\神津島\火砕流\溶岩崩壊\ORG\6_神津島中央部_1000万_75(中央値)</linkage><protocol Sync="TRUE">Local Area Network</protocol></itemLocation></itemProps><copyHistory><copy source="\\Ockb570112\Z\H61200480 価）伊豆諸島火山ＨＭ作成\アイコン\受領資料\20180405_GIS一式\20180402_HM\神津島\02 SHP\03_火砕流\中央値\6_神津島中央部_1000万_75(中央値)" dest="\\Ocsbaf0007\2022\Projects2022\61\H61200480 価）伊豆諸島火山ＨＭ作成\WORK\12 成果品\GISデータ\神津島\火砕流\溶岩崩壊\ORG\6_神津島中央部_1000万_75(中央値)" date="20180425" time="14505700"></copy></copyHistory></DataProperties></Esri></metadata>
