<?xml version="1.0" encoding="UTF-8"?>
<metadata xml:lang="ja"><Esri><CreaDate>20180425</CreaDate><CreaTime>15261800</CreaTime><ArcGISFormat>1.0</ArcGISFormat><SyncOnce>TRUE</SyncOnce><DataProperties><lineage><Process ToolSource="c:\program files (x86)\arcgis\desktop10.1\ArcToolbox\Toolboxes\Data Management Tools.tbx\CalculateField" Date="20180323" Time="110608">CalculateField 火砕流到達範囲\神津島\17_2_神津島浅海域_1000万_2000(中央値) PageName 19 VB #</Process></lineage><itemProps><itemLocation><linkage Sync="TRUE">file://\\Ocsbaf0007\2022\Projects2022\61\H61200480 価）伊豆諸島火山ＨＭ作成\WORK\12 成果品\GISデータ\神津島\火砕流\噴煙柱崩壊\ORG\17_2_神津島浅海域_1000万_2000(中央値)</linkage><protocol Sync="TRUE">Local Area Network</protocol></itemLocation></itemProps><copyHistory><copy source="\\Ockb570112\Z\H61200480 価）伊豆諸島火山ＨＭ作成\アイコン\受領資料\20180405_GIS一式\20180402_HM\神津島\02 SHP\03_火砕流\中央値\17_2_神津島浅海域_1000万_2000(中央値)" dest="\\Ocsbaf0007\2022\Projects2022\61\H61200480 価）伊豆諸島火山ＨＭ作成\WORK\12 成果品\GISデータ\神津島\火砕流\噴煙柱崩壊\ORG\17_2_神津島浅海域_1000万_2000(中央値)" date="20180425" time="15261800"></copy></copyHistory></DataProperties></Esri></metadata>
