<?xml version="1.0" encoding="UTF-8"?>
<metadata xml:lang="ja"><Esri><CreaDate>20180425</CreaDate><CreaTime>10062800</CreaTime><ArcGISFormat>1.0</ArcGISFormat><SyncOnce>TRUE</SyncOnce><DataProperties><lineage><Process ToolSource="c:\program files (x86)\arcgis\desktop10.5\ArcToolbox\Toolboxes\Data Management Tools.tbx\CalculateField" Date="20180216" Time="100253">CalculateField 01降灰予測範囲(1億DRE)N_N 降灰厚_cm 100 VB #</Process><Process ToolSource="c:\program files (x86)\arcgis\desktop10.5\ArcToolbox\Toolboxes\Data Management Tools.tbx\CalculateField" Date="20180216" Time="100339">CalculateField 01降灰予測範囲(1億DRE)N_N 降灰厚_cm 50 VB #</Process><Process ToolSource="c:\program files (x86)\arcgis\desktop10.5\ArcToolbox\Toolboxes\Data Management Tools.tbx\CalculateField" Date="20180216" Time="100808">CalculateField 01降灰予測範囲(1億DRE)N_N 降灰厚_cm 100 VB #</Process><Process ToolSource="c:\program files (x86)\arcgis\desktop10.1\ArcToolbox\Toolboxes\Data Management Tools.tbx\AddField" Date="20180217" Time="142835">AddField "F:\AKB2017002\03_work\02 SHP\02_火山灰\180216送付資料(火山灰1億_7割)\01降灰予測範囲(1億DRE)N_N.shp" PageName TEXT # # # # NULLABLE NON_REQUIRED #</Process><Process ToolSource="c:\program files (x86)\arcgis\desktop10.1\ArcToolbox\Toolboxes\Data Management Tools.tbx\AddField" Date="20180217" Time="142903">AddField "F:\AKB2017002\03_work\02 SHP\02_火山灰\180216送付資料(火山灰1億_7割)\01降灰予測範囲(1億DRE)N_N.shp" pageNameW TEXT # # # # NULLABLE NON_REQUIRED #</Process><Process ToolSource="c:\program files (x86)\arcgis\desktop10.5\ArcToolbox\Toolboxes\Data Management Tools.tbx\CalculateField" Date="20180219" Time="091528">CalculateField 約7割\01降灰予測範囲(1億DRE)N_N pageNameW 1 VB #</Process><Process ToolSource="c:\program files (x86)\arcgis\desktop10.5\ArcToolbox\Toolboxes\Data Management Tools.tbx\CalculateField" Date="20180219" Time="174001">CalculateField 新島北部\01降灰予測範囲(1億DRE)N_N PageName 6 VB #</Process></lineage><itemProps><itemLocation><linkage Sync="TRUE">file://\\Ocsbaf0007\2022\Projects2022\61\H61200480 価）伊豆諸島火山ＨＭ作成\WORK\12 成果品\GISデータ\新島\火山灰\1億DRE㎥\01降灰予測範囲(1億DRE)N_N</linkage><protocol Sync="TRUE">Local Area Network</protocol></itemLocation></itemProps><copyHistory><copy source="\\Ockb570112\Z\H61200480 価）伊豆諸島火山ＨＭ作成\アイコン\受領資料\20180405_GIS一式\20180402_HM\新島\02 SHP\02_火山灰\新島北部\1_1億DRE\01降灰予測範囲(1億DRE)N_N" dest="\\Ocsbaf0007\2022\Projects2022\61\H61200480 価）伊豆諸島火山ＨＭ作成\WORK\12 成果品\GISデータ\新島\火山灰\1億DRE㎥\01降灰予測範囲(1億DRE)N_N" date="20180425" time="10062800"></copy></copyHistory></DataProperties></Esri></metadata>
