<?xml version="1.0" encoding="UTF-8"?>
<metadata xml:lang="ja"><Esri><CreaDate>20180425</CreaDate><CreaTime>09400300</CreaTime><ArcGISFormat>1.0</ArcGISFormat><SyncOnce>TRUE</SyncOnce><DataProperties><itemProps><itemLocation><linkage Sync="TRUE">file://\\Ocsbaf0007\2022\Projects2022\61\H61200480 価）伊豆諸島火山ＨＭ作成\WORK\12 成果品\GISデータ\新島\火山灰\1億DRE㎥\01年平均風向風速における降灰分布(cm)(1億DRE)N_N</linkage><protocol Sync="TRUE">Local Area Network</protocol></itemLocation></itemProps><copyHistory><copy source="\\Ockb570112\Z\H61200480 価）伊豆諸島火山ＨＭ作成\アイコン\受領資料\20180405_GIS一式\20180402_HM\新島\02 SHP\02_火山灰\新島北部\1_1億DRE\01年平均風向風速における降灰分布(cm)(1億DRE)N_N" dest="\\Ocsbaf0007\2022\Projects2022\61\H61200480 価）伊豆諸島火山ＨＭ作成\WORK\12 成果品\GISデータ\新島\火山灰\1億DRE㎥\01年平均風向風速における降灰分布(cm)(1億DRE)N_N" date="20180425" time="09400300"></copy></copyHistory><lineage><Process ToolSource="c:\program files (x86)\arcgis\desktop10.5\ArcToolbox\Toolboxes\Data Management Tools.tbx\CalculateField" Date="20180205" Time="145816">CalculateField "新規グループ レイヤー\01年平均風向風速における降灰分布(cm)(1億DRE)N_N" MASS_cm "[MASS] /10" VB #</Process><Process ToolSource="c:\program files (x86)\arcgis\desktop10.5\ArcToolbox\Toolboxes\Data Management Tools.tbx\CalculateField" Date="20180205" Time="145841">CalculateField "新規グループ レイヤー\01年平均風向風速における降灰分布(cm)(1億DRE)N_N" MASS_mm "[MASS] " VB #</Process><Process ToolSource="c:\program files (x86)\arcgis\desktop10.5\ArcToolbox\Toolboxes\Data Management Tools.tbx\DeleteField" Date="20180205" Time="153106">DeleteField "新規グループ レイヤー\01年平均風向風速における降灰分布(cm)(1億DRE)N_N" select</Process><Process ToolSource="c:\program files (x86)\arcgis\desktop10.5\ArcToolbox\Toolboxes\Data Management Tools.tbx\AddField" Date="20180214" Time="172628">AddField "C:\Users\finemap\Desktop\work\02 SHP\02_火山灰\新しいフォルダー\新島北部\1_1億DRE\01年平均風向風速における降灰分布(cm)(1億DRE)N_N.shp" PageName TEXT # # # # NULLABLE NON_REQUIRED #</Process><Process ToolSource="c:\program files (x86)\arcgis\desktop10.5\ArcToolbox\Toolboxes\Data Management Tools.tbx\CalculateField" Date="20180215" Time="100336">CalculateField 新島北部\年平均風向風速における降灰分布(cm)(1億DRE) PageName 1 VB #</Process></lineage></DataProperties></Esri></metadata>
