<?xml version="1.0" encoding="UTF-8"?>
<metadata xml:lang="ja"><Esri><CreaDate>20170331</CreaDate><CreaTime>16380500</CreaTime><ArcGISFormat>1.0</ArcGISFormat><SyncOnce>TRUE</SyncOnce><DataProperties><itemProps><itemLocation><linkage Sync="TRUE">file://\\10.45.150.9\Job\H28\H28（東京都）_伊豆諸島火山避難計画等作成支援委託\■04■　GIS\八丈島shp\ハザードマップ\0526追加\マグマ水蒸気噴火-想定火口位置-沿岸部</linkage><protocol Sync="TRUE">Local Area Network</protocol></itemLocation></itemProps><copyHistory><copy source="\\10.45.150.9\Job\H28\H28（東京都）_伊豆諸島火山避難計画等作成支援委託\■04■　GIS\八丈島shp\ハザードマップ\0426案\マグマ水蒸気噴火-想定火口位置-沿岸部" dest="\\10.45.150.9\Job\H28\H28（東京都）_伊豆諸島火山避難計画等作成支援委託\■04■　GIS\八丈島shp\ハザードマップ\0526追加\マグマ水蒸気噴火-想定火口位置-沿岸部" date="20160526" time="11523600"></copy></copyHistory></DataProperties></Esri></metadata>
