<?xml version="1.0" encoding="UTF-8"?>
<metadata xml:lang="ja"><Esri><CreaDate>20180425</CreaDate><CreaTime>13421700</CreaTime><ArcGISFormat>1.0</ArcGISFormat><SyncOnce>TRUE</SyncOnce><DataProperties><lineage><Process ToolSource="c:\program files (x86)\arcgis\desktop10.1\ArcToolbox\Toolboxes\Data Management Tools.tbx\AddField" Date="20180123" Time="170619">AddField "C:\Users\021\Desktop\AKB2017002\03_work\02 SHP\03_火砕流\新島\中央値\21_新島南部_100万_100(中央値).shp" PageName TEXT # # # # NULLABLE NON_REQUIRED #</Process><Process ToolSource="c:\program files (x86)\arcgis\desktop10.1\ArcToolbox\Toolboxes\Data Management Tools.tbx\CalculateField" Date="20180123" Time="202657">CalculateField "C:\Users\021\Desktop\AKB2017002\03_work\02 SHP\03_火砕流\新島\中央値\21_新島南部_100万_100(中央値).shp" PageName 21 VB #</Process><Process ToolSource="c:\program files (x86)\arcgis\desktop10.1\ArcToolbox\Toolboxes\Data Management Tools.tbx\CalculateField" Date="20180129" Time="093101">CalculateField 溶岩崩壊型\新島南部\21_新島南部_100万_100(中央値) PageName 0 VB #</Process></lineage><itemProps><itemLocation><linkage Sync="TRUE">file://\\Ocsbaf0007\2022\Projects2022\61\H61200480 価）伊豆諸島火山ＨＭ作成\WORK\12 成果品\GISデータ\新島\火砕流\溶岩崩壊\ORG\21_新島南部_100万_100m_新島南部</linkage><protocol Sync="TRUE">Local Area Network</protocol></itemLocation></itemProps><copyHistory><copy source="\\Ocsbaf0007\2022\Projects2022\61\H61200480 価）伊豆諸島火山ＨＭ作成\WORK\12 成果品\GISデータ\新島\火砕流\噴煙柱崩壊\ORG\21_新島南部_100万_100m_新島南部" dest="\\Ocsbaf0007\2022\Projects2022\61\H61200480 価）伊豆諸島火山ＨＭ作成\WORK\12 成果品\GISデータ\新島\火砕流\溶岩崩壊\ORG\21_新島南部_100万_100m_新島南部" date="20180425" time="13431600"></copy></copyHistory></DataProperties></Esri></metadata>
