<PAMDataset>
  <Metadata>
    <MDI key="DataType">Generic</MDI>
  </Metadata>
  <Metadata domain="Esri">
    <MDI key="PyramidResamplingType">NEAREST</MDI>
  </Metadata>
  <PAMRasterBand band="1">
    <Histograms>
      <HistItem>
        <HistMin>0</HistMin>
        <HistMax>169480</HistMax>
        <BucketCount>256</BucketCount>
        <IncludeOutOfRange>1</IncludeOutOfRange>
        <Approximate>0</Approximate>
        <HistCounts>808772|17159|13496|11062|9670|8852|8280|7871|7622|7015|6524|6148|5743|4846|4256|3927|3655|3458|3292|3157|3005|2864|2538|2272|1776|1456|1236|1010|873|804|797|750|730|702|697|678|669|520|404|314|232|197|160|128|141|132|138|127|111|112|81|90|74|69|73|50|49|59|56|54|64|49|60|54|64|66|58|53|56|68|66|47|70|70|67|72|70|72|63|75|70|77|78|80|80|76|66|80|82|80|87|74|87|74|67|58|57|45|41|34|32|30|20|24|17|21|11|15|11|15|9|16|9|8|13|8|10|9|13|9|8|12|9|12|8|10|11|8|6|12|0|0|0|0|0|0|0|0|0|0|0|0|0|0|0|0|0|0|0|0|0|0|0|0|0|0|0|0|0|0|0|0|0|0|0|0|0|0|0|0|0|0|0|0|0|0|0|0|0|0|0|0|0|0|0|0|0|0|0|0|0|0|0|0|0|0|0|0|0|0|0|0|0|0|0|0|0|0|0|0|0|0|0|0|0|0|0|0|0|0|0|0|0|0|0|0|0|0|0|0|0|0|0|0|0|0|0|0|0|0|1|3|5|2|5|6|2|0|1|1|0|1|1|1|0|1</HistCounts>
      </HistItem>
    </Histograms>
    <Metadata>
      <MDI key="STATISTICS_COVARIANCES">24693069.28356784</MDI>
      <MDI key="STATISTICS_EXCLUDEDVALUES"></MDI>
      <MDI key="STATISTICS_MAXIMUM">169480</MDI>
      <MDI key="STATISTICS_MEAN">1426.7045824735</MDI>
      <MDI key="STATISTICS_MINIMUM">0</MDI>
      <MDI key="STATISTICS_SKIPFACTORX">1</MDI>
      <MDI key="STATISTICS_SKIPFACTORY">1</MDI>
      <MDI key="STATISTICS_STDDEV">4969.212139119</MDI>
    </Metadata>
  </PAMRasterBand>
</PAMDataset>
