<PAMDataset>
  <Metadata>
    <MDI key="DataType">Generic</MDI>
  </Metadata>
  <Metadata domain="Esri">
    <MDI key="PyramidResamplingType">NEAREST</MDI>
  </Metadata>
  <PAMRasterBand band="1">
    <Histograms>
      <HistItem>
        <HistMin>0</HistMin>
        <HistMax>80128</HistMax>
        <BucketCount>256</BucketCount>
        <IncludeOutOfRange>1</IncludeOutOfRange>
        <Approximate>0</Approximate>
        <HistCounts>826777|8879|7378|6393|5680|5553|5296|4956|4991|4872|4939|4872|4745|4531|4451|4109|3568|3168|2862|2623|2459|2351|2205|1957|1865|1730|1644|1664|1644|1632|1642|1637|1538|1467|1431|1449|1379|1324|1140|1003|958|937|881|848|781|812|742|695|656|606|584|553|514|477|438|425|384|380|334|311|266|261|222|209|180|156|153|134|93|116|83|86|66|60|42|42|43|30|27|27|16|18|14|13|14|4|7|8|9|11|8|3|8|5|7|8|3|6|6|4|2|0|2|0|2|3|1|1|1|0|1|1|0|1|1|0|2|0|0|0|1|0|0|0|1|0|0|1|0|0|1|0|0|0|0|0|0|0|0|0|0|0|0|0|0|0|0|0|0|0|1|0|0|0|0|0|0|0|0|1|0|0|0|0|0|0|0|0|1|0|1|0|2|0|0|2|0|4|2|1|2|0|0|0|0|0|0|0|0|0|0|0|0|0|0|0|0|0|0|0|0|0|0|0|0|0|0|0|0|0|0|0|0|0|0|0|0|0|0|0|0|0|0|0|0|0|0|0|0|0|0|0|0|0|0|0|0|0|0|0|0|0|0|0|0|0|0|0|0|0|0|0|0|0|0|1</HistCounts>
      </HistItem>
    </Histograms>
    <Metadata>
      <MDI key="STATISTICS_COVARIANCES">7475240.991909393</MDI>
      <MDI key="STATISTICS_EXCLUDEDVALUES"></MDI>
      <MDI key="STATISTICS_MAXIMUM">80128</MDI>
      <MDI key="STATISTICS_MEAN">834.06097200535</MDI>
      <MDI key="STATISTICS_MINIMUM">0</MDI>
      <MDI key="STATISTICS_SKIPFACTORX">1</MDI>
      <MDI key="STATISTICS_SKIPFACTORY">1</MDI>
      <MDI key="STATISTICS_STDDEV">2734.0886949602</MDI>
    </Metadata>
  </PAMRasterBand>
</PAMDataset>
