<?xml version="1.0" encoding="UTF-8"?>
<metadata xml:lang="ja"><Esri><CreaDate>20170405</CreaDate><CreaTime>16145700</CreaTime><ArcGISFormat>1.0</ArcGISFormat><SyncOnce>TRUE</SyncOnce><DataProperties><itemProps><itemLocation><linkage Sync="TRUE">file://\\10.45.150.9\Job\H28\H28（東京都）伊豆諸島火山避難計画等作成支援委託\■04■　GIS\火山ハザードマップ\八丈島\02_火山灰\八丈島輪郭線</linkage><protocol Sync="TRUE">Local Area Network</protocol></itemLocation></itemProps><copyHistory><copy source="\\10.45.150.9\Job\H28\H28（東京都）伊豆諸島火山避難計画等作成支援委託\■04■　GIS\災害実績図\八丈島\八丈島輪郭線" dest="\\10.45.150.9\Job\H28\H28（東京都）伊豆諸島火山避難計画等作成支援委託\■04■　GIS\火山ハザードマップ\八丈島\02_火山灰\八丈島輪郭線" date="20170405" time="16145700"></copy></copyHistory></DataProperties></Esri></metadata>
