<PAMDataset>
  <Metadata>
    <MDI key="DataType">Generic</MDI>
  </Metadata>
  <Metadata domain="Esri">
    <MDI key="PyramidResamplingType">NEAREST</MDI>
  </Metadata>
  <PAMRasterBand band="1">
    <Histograms>
      <HistItem>
        <HistMin>0</HistMin>
        <HistMax>170560</HistMax>
        <BucketCount>256</BucketCount>
        <IncludeOutOfRange>1</IncludeOutOfRange>
        <Approximate>0</Approximate>
        <HistCounts>799376|7071|5846|5577|5351|4858|4474|4479|4521|4354|4127|3874|3747|3585|3411|3207|3046|2940|2796|2641|2561|2543|2553|2562|2518|2513|2509|2483|2434|2434|2445|2304|2314|2268|2341|2285|2220|2200|1940|1824|1806|1769|1575|1555|1557|1561|1583|1537|1390|1385|1292|1195|1164|1064|1081|1057|1059|940|909|864|803|755|758|709|723|700|689|678|632|663|660|604|502|433|387|359|296|286|239|222|213|170|169|145|147|138|110|99|111|96|82|87|81|82|65|68|64|82|60|63|73|77|75|71|78|69|76|79|76|73|83|85|75|76|75|76|75|81|71|70|65|83|72|65|66|62|56|53|48|5|0|0|0|0|0|0|0|0|0|0|0|0|0|0|0|0|0|0|0|0|0|0|0|0|0|0|0|0|0|0|0|0|0|0|0|0|0|0|0|0|0|0|0|0|0|0|0|0|0|0|0|0|0|0|0|0|0|0|0|0|0|0|0|0|0|0|0|0|0|0|0|0|0|0|0|0|0|0|0|0|0|0|0|0|0|0|0|0|0|0|0|0|0|0|0|0|0|0|0|0|0|0|0|0|0|0|0|0|0|34|32|29|19|22|13|11|12|9|6|3|3|2|2|1|1|1</HistCounts>
      </HistItem>
    </Histograms>
    <Metadata>
      <MDI key="STATISTICS_COVARIANCES">92588224.0725109</MDI>
      <MDI key="STATISTICS_EXCLUDEDVALUES"></MDI>
      <MDI key="STATISTICS_MAXIMUM">170560</MDI>
      <MDI key="STATISTICS_MEAN">3205.4808028089</MDI>
      <MDI key="STATISTICS_MINIMUM">0</MDI>
      <MDI key="STATISTICS_SKIPFACTORX">1</MDI>
      <MDI key="STATISTICS_SKIPFACTORY">1</MDI>
      <MDI key="STATISTICS_STDDEV">9622.2774888542</MDI>
    </Metadata>
  </PAMRasterBand>
</PAMDataset>
