<PAMDataset>
  <Metadata>
    <MDI key="DataType">Generic</MDI>
  </Metadata>
  <Metadata domain="Esri">
    <MDI key="PyramidResamplingType">NEAREST</MDI>
  </Metadata>
  <PAMRasterBand band="1">
    <Histograms>
      <HistItem>
        <HistMin>0</HistMin>
        <HistMax>346590</HistMax>
        <BucketCount>256</BucketCount>
        <IncludeOutOfRange>1</IncludeOutOfRange>
        <Approximate>0</Approximate>
        <HistCounts>876952|3534|3142|2625|2323|2101|1834|1754|1700|1842|1871|1746|1777|1846|1863|1708|1583|1516|1386|1308|1253|1281|1324|1438|1606|1565|1447|1249|1096|1018|982|934|860|829|812|729|620|550|505|505|496|513|484|488|498|484|509|511|523|636|744|771|725|676|632|607|544|555|538|497|485|482|470|436|450|547|487|489|568|832|783|692|764|808|868|913|852|796|735|672|604|585|545|540|543|550|500|445|385|325|250|225|178|159|127|105|93|72|113|91|87|72|66|61|64|66|102|96|94|87|72|70|60|56|51|60|82|93|88|77|74|75|66|56|53|44|37|38|18|16|7|5|4|0|0|1|2|1|2|0|0|0|0|0|0|0|0|0|0|0|0|0|0|0|0|0|0|0|0|0|0|0|0|0|0|0|0|0|0|0|0|0|0|1|0|0|0|0|1|0|0|0|0|0|0|0|0|0|0|0|0|0|0|0|0|0|0|0|0|0|0|0|0|0|0|0|0|0|0|0|0|0|0|1|0|0|0|0|0|0|0|1|2|0|5|5|5|3|1|3|1|2|1|0|2|0|0|0|0|0|0|0|0|0|0|0|0|0|0|0|0|0|0|0|0|1</HistCounts>
      </HistItem>
    </Histograms>
    <Metadata>
      <MDI key="STATISTICS_COVARIANCES">349010112.9638811</MDI>
      <MDI key="STATISTICS_EXCLUDEDVALUES"></MDI>
      <MDI key="STATISTICS_MAXIMUM">346590</MDI>
      <MDI key="STATISTICS_MEAN">4537.1443690186</MDI>
      <MDI key="STATISTICS_MINIMUM">0</MDI>
      <MDI key="STATISTICS_SKIPFACTORX">1</MDI>
      <MDI key="STATISTICS_SKIPFACTORY">1</MDI>
      <MDI key="STATISTICS_STDDEV">18681.812357581</MDI>
    </Metadata>
  </PAMRasterBand>
</PAMDataset>
