<?xml version="1.0" encoding="UTF-8"?>
<metadata xml:lang="ja"><Esri><CreaDate>20180424</CreaDate><CreaTime>17243500</CreaTime><ArcGISFormat>1.0</ArcGISFormat><SyncOnce>TRUE</SyncOnce><DataProperties><itemProps><itemLocation><linkage Sync="TRUE">file://\\Ocsbaf0007\2022\Projects2022\61\H61200480 価）伊豆諸島火山ＨＭ作成\WORK\12 成果品\GISデータ\神津島\想定火口位置・大きな噴石・火砕サージ\大きな噴石,火砕サージ-海域水深100m以浅陸域影響範囲(マグマ水蒸気噴火)</linkage><protocol Sync="TRUE">Local Area Network</protocol></itemLocation></itemProps><copyHistory><copy source="\\Ockb570112\t\H61200480 価）伊豆諸島火山ＨＭ作成\アイコン\受領資料\20180405_GIS一式\20180402_HM\神津島\02 SHP\01_想定火口位置・大きな噴石・火砕サージ\大きな噴石,火砕サージ-海域水深100m以浅陸域影響範囲(マグマ水蒸気噴火)" dest="\\Ocsbaf0007\2022\Projects2022\61\H61200480 価）伊豆諸島火山ＨＭ作成\WORK\12 成果品\GISデータ\神津島\想定火口位置・大きな噴石・火砕サージ\大きな噴石,火砕サージ-海域水深100m以浅陸域影響範囲(マグマ水蒸気噴火)" date="20180424" time="17243500"></copy></copyHistory></DataProperties></Esri></metadata>
