<?xml version="1.0" encoding="UTF-8"?>
<metadata xml:lang="ja"><Esri><CreaDate>20180425</CreaDate><CreaTime>10254400</CreaTime><ArcGISFormat>1.0</ArcGISFormat><SyncOnce>TRUE</SyncOnce><DataProperties><lineage><Process ToolSource="c:\program files (x86)\arcgis\desktop10.5\ArcToolbox\Toolboxes\Data Management Tools.tbx\AddField" Date="20180214" Time="172628">AddField "C:\Users\finemap\Desktop\work\02 SHP\02_火山灰\新しいフォルダー\神津島南部\2_1000万DRE\05降灰予測範囲(1000万DRE)K_S.shp" PageName TEXT # # # # NULLABLE NON_REQUIRED #</Process><Process ToolSource="c:\program files (x86)\arcgis\desktop10.5\ArcToolbox\Toolboxes\Data Management Tools.tbx\AddField" Date="20180214" Time="172732">AddField "C:\Users\finemap\Desktop\work\02 SHP\02_火山灰\新しいフォルダー\神津島南部\2_1000万DRE\05降灰予測範囲(1000万DRE)K_S.shp" PageNameW TEXT # # # # NULLABLE NON_REQUIRED #</Process><Process ToolSource="c:\program files (x86)\arcgis\desktop10.5\ArcToolbox\Toolboxes\Data Management Tools.tbx\CalculateField" Date="20180215" Time="103255">CalculateField 神津島南部\05降灰予測範囲(1000万DRE)K_S PageName 18 VB #</Process><Process ToolSource="c:\program files (x86)\arcgis\desktop10.5\ArcToolbox\Toolboxes\Data Management Tools.tbx\CalculateField" Date="20180215" Time="180920">CalculateField 約7割\05降灰予測範囲(1000万DRE)K_S PageNameW 17 VB #</Process></lineage><itemProps><itemLocation><linkage Sync="TRUE">file://\\Ocsbaf0007\2022\Projects2022\61\H61200480 価）伊豆諸島火山ＨＭ作成\WORK\12 成果品\GISデータ\神津島\火山灰\1000万DRE㎥\05降灰予測範囲(1000万DRE)K_S</linkage><protocol Sync="TRUE">Local Area Network</protocol></itemLocation></itemProps><copyHistory><copy source="\\Ockb570112\Z\H61200480 価）伊豆諸島火山ＨＭ作成\アイコン\受領資料\20180405_GIS一式\20180402_HM\神津島\02 SHP\02_火山灰\神津島南部\2_1000万DRE\05降灰予測範囲(1000万DRE)K_S" dest="\\Ocsbaf0007\2022\Projects2022\61\H61200480 価）伊豆諸島火山ＨＭ作成\WORK\12 成果品\GISデータ\神津島\火山灰\1000万DRE㎥\05降灰予測範囲(1000万DRE)K_S" date="20180425" time="10254400"></copy></copyHistory></DataProperties></Esri></metadata>
