<?xml version="1.0" encoding="UTF-8"?>
<metadata xml:lang="ja"><Esri><CreaDate>20180425</CreaDate><CreaTime>10213200</CreaTime><ArcGISFormat>1.0</ArcGISFormat><SyncOnce>TRUE</SyncOnce><DataProperties><lineage><Process ToolSource="c:\program files (x86)\arcgis\desktop10.5\ArcToolbox\Toolboxes\Data Management Tools.tbx\CalculateField" Date="20180216" Time="100253">CalculateField 01降灰予測範囲(1億DRE)N_N 降灰厚_cm 100 VB #</Process><Process ToolSource="c:\program files (x86)\arcgis\desktop10.5\ArcToolbox\Toolboxes\Data Management Tools.tbx\CalculateField" Date="20180216" Time="100339">CalculateField 01降灰予測範囲(1億DRE)N_N 降灰厚_cm 50 VB #</Process><Process ToolSource="c:\program files (x86)\arcgis\desktop10.5\ArcToolbox\Toolboxes\Data Management Tools.tbx\CalculateField" Date="20180216" Time="100808">CalculateField 01降灰予測範囲(1億DRE)N_N 降灰厚_cm 100 VB #</Process><Process ToolSource="c:\program files (x86)\arcgis\desktop10.1\ArcToolbox\Toolboxes\Data Management Tools.tbx\AddField" Date="20180217" Time="142835">AddField "F:\AKB2017002\03_work\02 SHP\02_火山灰\180216送付資料(火山灰1億_7割)\04降灰予測範囲(1億DRE)K_C.shp" PageName TEXT # # # # NULLABLE NON_REQUIRED #</Process><Process ToolSource="c:\program files (x86)\arcgis\desktop10.1\ArcToolbox\Toolboxes\Data Management Tools.tbx\AddField" Date="20180217" Time="142903">AddField "F:\AKB2017002\03_work\02 SHP\02_火山灰\180216送付資料(火山灰1億_7割)\04降灰予測範囲(1億DRE)K_C.shp" pageNameW TEXT # # # # NULLABLE NON_REQUIRED #</Process><Process ToolSource="c:\program files (x86)\arcgis\desktop10.5\ArcToolbox\Toolboxes\Data Management Tools.tbx\CalculateField" Date="20180219" Time="100139">CalculateField 約7割\04降灰予測範囲(1億DRE)K_C pageNameW 1 VB #</Process><Process ToolSource="c:\program files (x86)\arcgis\desktop10.5\ArcToolbox\Toolboxes\Data Management Tools.tbx\CalculateField" Date="20180219" Time="182303">CalculateField 神津島中央部\04_K_S__outC1_1A PageName 6 VB #</Process><Process ToolSource="c:\program files (x86)\arcgis\desktop10.5\ArcToolbox\Toolboxes\Data Management Tools.tbx\CalculateField" Date="20180219" Time="182340">CalculateField 神津島中央部\04_K_S__outC1_1A PageName 16 VB #</Process><Process ToolSource="c:\program files (x86)\arcgis\desktop10.5\ArcToolbox\Toolboxes\Data Management Tools.tbx\CalculateField" Date="20180219" Time="183110">CalculateField 神津島中央部\04_K_S__outC1_1A PageName 6 VB #</Process></lineage><itemProps><itemLocation><linkage Sync="TRUE">file://\\Ocsbaf0007\2022\Projects2022\61\H61200480 価）伊豆諸島火山ＨＭ作成\WORK\12 成果品\GISデータ\神津島\火山灰\1億DRE㎥\04降灰予測範囲(1億DRE)K_C</linkage><protocol Sync="TRUE">Local Area Network</protocol></itemLocation></itemProps><copyHistory><copy source="\\Ockb570112\Z\H61200480 価）伊豆諸島火山ＨＭ作成\アイコン\受領資料\20180405_GIS一式\20180402_HM\神津島\02 SHP\02_火山灰\神津島中央部\1_1億DRE\04降灰予測範囲(1億DRE)K_C" dest="\\Ocsbaf0007\2022\Projects2022\61\H61200480 価）伊豆諸島火山ＨＭ作成\WORK\12 成果品\GISデータ\神津島\火山灰\1億DRE㎥\04降灰予測範囲(1億DRE)K_C" date="20180425" time="10213200"></copy></copyHistory></DataProperties></Esri></metadata>
