区分,No,項目,被疑者（65歳未満）（N=72)(%),被疑者（65歳以上）（N=56)(%),一般（65歳以上）(N=1322)(%),被疑者間,高齢者間
あなたは、これまでの人生で、楽しかったときはいつですか。（○はいくつでも）,1,幼少のころ,18.3,5.5,19.6,p<0.05,p<0.01
あなたは、これまでの人生で、楽しかったときはいつですか。（○はいくつでも）,2,学生時代,45.1,34.5,44,,
あなたは、これまでの人生で、楽しかったときはいつですか。（○はいくつでも）,3,結婚したとき,14.1,21.8,43.8,,p<0.01
あなたは、これまでの人生で、楽しかったときはいつですか。（○はいくつでも）,4,働いていたとき,14.1,36.4,50.3,p<0.01,
あなたは、これまでの人生で、楽しかったときはいつですか。（○はいくつでも）,5,子供が生まれたとき,21.1,27.3,55.1,,p<0.01
あなたは、これまでの人生で、楽しかったときはいつですか。（○はいくつでも）,6,家を買ったとき,7,10.9,31.3,,p<0.01
あなたは、これまでの人生で、楽しかったときはいつですか。（○はいくつでも）,7,孫が生まれたとき,5.6,16.4,40.3,p<0.05,p<0.01
あなたは、これまでの人生で、楽しかったときはいつですか。（○はいくつでも）,8,今,11.3,7.3,40.2,,p<0.01
あなたは、これまでの人生で、楽しかったときはいつですか。（○はいくつでも）,9,その他,4.2,3.6,5.3,,
あなたは、これまでの人生で、楽しかったときはいつですか。（○はいくつでも）,10,特にない,18.1,12.5,2.1,,p<0.01
あな43,41,31,24,13,6,0,1770,87,135,120,89,79,67,97,146,185,164,169,88,50,59,78,50,47,36,19,4,1,878,41,70,54,42,45,42,39,74,103,88,85,46,26,29,41,18,14,16,4,0,1,892,46,65,66,47,34,25,58,72,82,76,84,42,24,30,37,32,33,20,15,4,0,1584,44,59,76,68,102,116,103,118,129,147,156,102,65,68,70,57,46,34,16,6,2,806,20,26,45,28,49,59,54,64,70,75,84,60,36,36,38,25,21,8,6,2,0,778,24,33,31,40,53,57,49,54,59,72,72,42,29,32,32,32,25,26,10,4,2,1711,69,76,82,91,102,87,93,104,141,145,163,117,88,81,89,67,51,40,22,3,0,862,27,32,47,42,59,51,46,54,73,76,93,64,50,38,46,25,22,12,4,1,0,849,42,44,35,49,43,36,47,50,68,69,70,53,38,43,43,42,29,28,18,2,0,1054,36,46,48,57,52,49,59,60,84,98,93,70,44,53,57,55,46,33,13,1,0,540,21,23,15,35,23,20,33,33,49,57,46,43,17,30,29,23,23,14,6,0,0,514,15,23,33,22,29,29,26,27,35,41,47,27,27,23,28,32,23,19,7,1,0,623,36,26,24,28,28,52,43,47,39,53,46,37,34,25,33,19,24,15,12,2,0,320,20,12,14,15,15,29,21,22,24,29,24,22,15,14,18,7,9,5,5,0,0,303,16,14,10,13,13,23,22,25,15,24,22,15,19,11,15,12,15,10,7,2,0
2023/1/1,1792,45,65,51,96,140,99,91,79,103,135,138,166,111,103,113,86,89,45,27,8,2,883,27,30,34,47,74,48,37,41,64,62,66,84,55,58,53,38,40,16,8,1,0,909,18,35,17,49,66,51,54,38,39,73,72,82,56,45,60,48,49,29,19,7,2,2003,65,82,85,112,133,83,97,120,127,170,166,170,122,104,114,100,73,46,25,9,2,1025,36,39,47,69,74,50,55,64,64,81,92,80,69,51,56,44,33,14,6,1,0,978,27,43,38,43,59,33,42,56,63,89,74,90,53,53,58,56,40,32,19,8,2,0,0,0,0,0,0,0,0,0,0,0,0,0,0,0,0,0,0,0,0,0,0,0,0,0,0,0,0,0,0,0,0,0,0,0,0,0,0,0,0,0,0,0,0,0,0,0,0,0,0,0,0,0,0,0,0,0,0,0,0,0,0,0,0,0,0,5,0,0,1,1,1,0,0,0,0,2,0,0,0,0,0,0,0,0,0,0,0,3,0,0,0,1,1,0,0,0,0,1,0,0,0,0,0,0,0,0,0,0,0,2,0,0,1,0,0,0,0,0,0,1,0,0,0,0,0,0,0,0,0,0,0,1921,59,94,124,108,123,99,55,92,124,167,195,139,104,73,108,85,67,59,37,8,1,928,31,49,60,54,67,48,31,39,57,85,95,69,64,29,52,41,17,24,12,3,1,993,28,45,64,54,56,51,24,53,67,82,100,70,40,44,56,44,50,35,25,5,0,1403,34,42,52,68,135,79,67,53,58,91,123,109,95,74,101,71,71,44,30,5,0,637,14,24,26,27,61,39,31,23,31,43,53,51,47,35,51,34,21,17,8,1,0,766,20,18,26,41,74,40,36,30,27,48,70,58,48,39,50,37,51,27,22,4,0,1322,12,13,11,194,617,163,47,19,12,29,33,24,10,16,22,18,20,26,19,14,3,759,5,8,4,110,367,123,30,10,6,15,19,15,7,7,11,5,7,5,4,1,0,563,7,5,7,84,250,40,17,9,6,14,14,9,3,9,11,13,13,21,15,13,3,3316,113,176,205,209,200,161,145,206,193,274,295,247,197,158,157,151,128,63,30,7,1,1606,59,93,100,94,95,75,77,107,87,131,152,135,97,84,59,70,56,24,10,1,0,1710,54,83,105,115,105,86,68,99,106,143,143,112,100,74,98,81,72,39,20,6,1,2419,92,113,116,119,150,114,103,157,166,233,217,156,126,119,143,115,94,58,23,5,0,1211,54,56,61,47,75,52,54,73,88,123,114,85,65,68,67,53,40,24,11,1,0,1208,38,57,55,72,75,62,49,84,78,110,103,71,61,51,76,62,54,34,12,4,0,2891,95,142,122,151,208,134,137,147,172,201,275,231,181,136,195,123,112,73,37,14,2,1395,45,86,62,72,99,57,67,70,88,101,124,122,93,67,97,57,51,23,9,5,0,1496,50,59,60,79,109,77,70,77,84,100,151,109,88,69,98,66,61,50,28,9,2,4662,171,262,226,192,317,267,235,306,375,402,432,342,224,189,243,169,129,100,59,19,3,2287,87,129,116,98,163,127,105,145,185,201,235,177,123,89,130,74,52,31,17,3,0,2375,84,133,110,94,154,140,130,161,190,201,197,165,101,100,113,95,77,69,42,16,3,2676,85,133,110,109,184,189,179,205,206,206,250,186,138,120,120,92,85,54,19,5,1,1362,53,69,53,62,93,90,79,119,108,106,135,101,67,66,52,47,36,19,7,0,0,1314,32,64,57,47,91,99,100,86,98,100,115,85,71,54,68,45,49,35,12,5,1,3841,127,236,189,191,232,240,186,267,295,319,360,334,236,165,190,118,72,56,23,5,0,1871,59,115,96,99,110,114,84,129,147,159,185,167,111,87,96,54,27,22,7,3,0,1970,68,121,93,92,122,126,102,138,148,160,175,167,125,78,94,64,45,34,16,2,0,2614,102,86,60,98,247,231,140,170,157,190,214,143,127,121,164,152,120,62,23,6,1,1268,48,49,31,47,97,113,78,95,78,96,105,78,63,62,81,65,51,26,5,0,0,1346,54,37,29,51,150,118,62,75,79,94,109,65,64,59,83,87,69,36,18,6,1,2157,59,57,59,73,125,136,141,124,137,135,180,159,151,130,170,133,93,66,23,5,1,1030,33,26,30,29,61,78,62,61,71,68,91,76,75,60,78,53,43,21,10,3,1,1127,26,31,29,44,64,58,79,63,66,67,89,83,76,70,92,80,50,45,13,2,0,2684,100,145,116,103,173,201,179,212,228,218,205,219,159,99,103,69,57,54,29,13,2,1330,51,73,64,56,68,104,94,102,121,119,94,120,83,57,47,27,19,23,8,0,0,1354,49,72,52,47,105,97,85,110,107,99,111,99,76,42,56,42,38,31,21,13,2,3936,100,111,137,167,161,154,132,197,230,268,303,275,271,315,446,313,192,109,42,11,2,1894,54,58,73,90,91,80,69,97,112,139,152,136,120,138,214,142,77,41,10,1,0,2042,46,53,64,77,70,74,63,100,118,129,151,139,151,177,232,171,115,68,32,10,2,1617,47,71,69,66,60,43,80,93,103,139,132,101,91,111,134,134,80,42,18,3,0,796,27,31,36,25,30,24,38,48,58,69,66,57,49,53,53,64,39,21,8,0,0,821,20,40,33,41,30,19,42,45,45,70,66,44,42,58,81,70,41,21,10,3,0,1256,45,55,61,65,48,47,69,76,109,88,86,86,76,65,138,69,47,19,6,0,1,613,26,31,31,39,25,24,34,36,51,45,37,41,38,25,68,34,19,7,2,0,0,643,19,24,30,26,23,23,35,40,58,43,49,45,38,40,70,35,28,12,4,0,1,1292,39,63,81,67,91,79,63,65,86,123,132,100,60,54,57,61,46,10,13,2,0,671,19,29,44,40,50,48,28,31,45,69,68,56,32,30,22,27,25,4,3,1,0,621,20,34,37,27,41,31,35,34,41,54,64,44,28,24,35,34,21,6,10,1,0,1497,41,78,92,94,77,63,45,84,100,161,152,106,68,65,71,82,54,33,23,6,2,769,23,37,47,46,41,43,26,42,49,89,82,60,35,30,32,36,26,17,5,3,0,728,18,41,45,48,36,20,19,42,51,72,70,46,33,35,39,46,28,16,18,3,2,902,14,18,20,21,63,65,51,76,52,63,81,72,66,55,55,52,36,30,11,1,0,455,8,7,9,12,30,32,31,43,28,26,46,42,34,25,37,21,12,8,4,0,0,447,6,11,11,9,33,33,20,33,24,37,35,30,32,30,18,31,24,22,7,1,0,2347,102,115,95,101,162,199,191,200,185,191,177,158,111,75,105,63,54,40,17,6,0,1237,56,58,48,57,79,101,104,113,93,106,98,97,63,34,50,35,21,15,8,1,0,1110,46,57,47,44,83,98,87,87,92,85,79,61,48,41,55,28,33,25,9,5,0,1325,71,68,87,89,74,71,61,68,100,123,128,104,58,39,52,49,49,21,11,1,1,661,30,37,45,48,42,34,31,35,44,62,69,57,30,14,26,19,22,14,1,1,0,664,41,31,42,41,32,37,30,33,56,61,59,47,28,25,26,30,27,7,10,0,1,1587,51,65,68,74,93,71,80,88,100,134,126,98,105,76,107,98,74,54,23,2,0,818,24,35,28,38,53,40,51,50,60,71,66,54,56,37,47,50,33,13,12,0,0,769,27,30,40,36,40,31,29,38,40,63,60,44,49,39,60,48,41,41,11,2,0,2155,66,84,98,131,104,85,94,128,134,158,195,150,130,102,147,121,94,84,39,10,1,1088,32,39,64,64,53,40,43,72,76,72,119,87,67,51,65,54,44,33,12,0,1,1067,34,45,34,67,51,45,51,56,58,86,76,63,63,51,82,67,50,51,27,10,0,546,19,15,25,18,18,12,19,38,23,43,40,34,36,38,55,48,32,20,12,1,0,275,10,11,9,7,11,5,10,18,13,22,21,22,20,22,25,19,18,7,5,0,0,271,9,4,16,11,7,7,9,20,10,21,19,12,16,16,30,29,14,13,7,1,0,3439,139,135,102,103,198,295,278,264,279,261,299,270,161,159,181,122,94,69,20,9,1,1710,79,76,55,54,87,146,133,139,141,135,158,133,83,82,85,55,33,29,7,0,0,1729,60,59,47,49,111,149,145,125,138,126,141,137,78,77,96,67,61,40,13,9,1,3721,151,170,193,185,226,225,213,233,283,317,376,301,196,138,170,137,88,80,35,4,0,1845,77,89,97,87,106,109,93,118,143,168,200,163,102,75,80,59,37,25,16,1,0,1876,74,81,96,98,120,116,120,115,140,149,176,138,94,63,90,78,51,55,19,3,0,2767,115,171,141,122,151,200,214,234,214,233,240,165,117,92,120,89,76,46,18,8,1,1393,59,84,79,73,79,103,101,118,102,119,132,84,52,48,62,40,26,24,7,1,0,1374,56,87,62,49,72,97,113,116,112,114,108,81,65,44,58,49,50,22,11,7,1,2826,143,154,150,147,181,149,141,217,185,242,230,204,138,118,123,130,83,57,26,7,1,1429,78,81,87,84,83,78,74,118,87,118,124,109,68,62,63,57,31,19,7,1,0,1397,65,73,63,63,98,71,67,99,98,124,106,95,70,56,60,73,52,38,19,6,1,613,15,38,70,46,23,8,17,25,74,76,59,35,26,25,21,23,19,8,4,0,1,299,6,23,34,22,16,4,5,11,33,39,30,19,13,15,9,8,9,2,1,0,0,314,9,15,36,24,7,4,12,14,41,37,29,16,13,10,12,15,10,6,3,0,1,366,26,16,15,15,48,39,47,43,35,46,32,3,1,0,0,0,0,0,0,0,0,254,18,10,8,11,31,27,37,28,24,32,25,2,1,0,0,0,0,0,0,0,0,112,8,6,7,4,17,12,10,15,11,14,7,1,0,0,0,0,0,0,0,0,0,1118,37,44,54,49,54,46,57,68,63,94,82,84,85,47,67,60,68,33,24,2,0,543,13,22,26,30,25,24,24,38,33,54,43,45,47,23,28,27,21,14,6,0,0,575,24,22,28,19,29,22,33,30,30,40,39,39,38,24,39,33,47,19,18,2,0,2874,54,77,116,173,245,137,108,81,120,198,330,353,247,170,160,136,91,55,20,3,0,1388,30,39,59,84,120,67,55,36,60,84,156,173,123,92,74,61,47,24,3,1,0,1486,24,38,57,89,125,70,53,45,60,114,174,180,124,78,86,75,44,31,17,2,0,2049,71,85,100,98,121,75,103,117,145,181,170,169,124,100,109,88,97,60,34,2,0,1003,35,44,48,54,58,38,50,58,79,95,81,85,63,50,54,39,40,21,11,0,0,1046,36,41,52,44,63,37,53,59,66,86,89,84,61,50,55,49,57,39,23,2,0,3261,121,233,241,209,170,106,114,191,303,311,301,230,168,136,152,93,64,61,35,17,5,1597,63,109,131,95,87,52,59,87,147,152,147,127,97,62,76,42,22,22,13,6,1,1664,58,124,110,114,83,54,55,104,156,159,154,103,71,74,76,51,42,39,22,11,4,1727,74,84,86,88,98,83,100,110,117,124,169,103,83,90,105,80,66,36,21,10,0,864,45,44,44,46,50,44,55,58,60,68,81,58,40,40,54,25,30,14,6,2,0,863,29,40,42,42,48,39,45,52,57,56,88,45,43,50,51,55,36,22,15,8,0,1222,40,57,55,63,71,56,64,76,65,91,96,97,86,73,81,65,47,22,9,7,1,630,19,28,32,35,48,26,35,40,35,43,48,50,48,40,37,33,22,9,2,0,0,592,21,29,23,28,23,30,29,36,30,48,48,47,38,33,44,32,25,13,7,7,1,1461,51,71,80,90,77,44,69,76,103,109,134,112,72,62,106,81,57,41,16,10,0,727,27,43,36,48,38,27,34,41,52,49,74,55,35,31,51,37,26,15,5,3,0,734,24,28,44,42,39,17,35,35,51,60,60,57,37,31,55,44,31,26,11,7,0,3503,100,147,146,137,177,168,140,203,198,260,268,246,244,211,228,213,177,147,72,16,5,1694,55,76,76,67,84,84,63,109,100,125,142,133,127,107,105,90,79,44,21,7,0,1809,45,71,70,70,93,84,77,94,98,135,126,113,117,104,123,123,98,103,51,9,5,3623,109,170,206,194,217,141,149,204,249,262,329,256,213,173,230,172,166,109,55,15,4,1758,56,87,106,92,112,76,79,103,126,125,161,131,108,80,107,79,69,37,20,3,1,1865,53,83,100,102,105,65,70,101,123,137,168,125,105,93,123,93,97,72,35,12,3,2005,67,72,70,82,127,117,96,103,91,121,180,155,122,106,140,108,111,86,44,7,0,938,33,37,31,52,72,54,46,54,47,61,83,58,64,46,70,40,39,37,13,1,0,1067,34,35,39,30,55,63,50,49,44,60,97,97,58,60,70,68,72,49,31,6,0,1507,40,44,68,56,79,83,61,94,93,119,122,116,99,74,88,89,99,52,22,7,2,738,18,25,33,28,34,40,30,52,49,64,60,63,49,42,40,41,45,17,7,1,0,769,22,19,35,28,45,43,31,42,44,55,62,53,50,32,48,48,54,35,15,6,2,1739,74,84,103,97,115,103,87,99,121,135,153,135,91,80,76,52,56,39,25,13,1,852,47,43,54,54,57,50,45,43,61,76,68,63,45,38,35,22,22,15,11,3,0,887,27,41,49,43,58,53,42,56,60,59,85,72,46,42,41,30,34,24,14,10,1,645,8,20,50,65,49,22,15,15,43,70,91,66,44,28,23,20,8,4,4,0,0,319,5,10,26,30,25,10,12,8,21,29,45,35,23,15,12,8,4,0,1,0,0,326,3,10,24,35,24,12,3,7,22,41,46,31,21,13,11,12,4,4,3,0,0,2436,97,93,86,62,134,216,209,188,217,204,195,169,142,108,103,94,61,31,19,8,0,1250,47,46,44,31,71,129,94,94,118,120,99,88,78,61,44,44,24,10,5,3,0,1186,50,47,42,31,63,87,115,94,99,84,96,81,64,47,59,50,37,21,14,5,0,2999,130,112,91,89,163,222,244,283,262,241,254,226,160,129,129,84,80,57,35,8,0,1482,79,53,50,43,72,102,121,145,138,134,112,126,80,67,67,30,26,22,11,4,0,1517,51,59,41,46,91,120,123,138,124,107,142,100,80,62,62,54,54,35,24,4,0,1761,69,83,121,79,127,131,115,105,160,156,140,104,92,63,73,50,40,35,13,5,0,914,30,41,64,47,62,71,64,54,79,86,79,55,57,34,35,24,16,11,3,2,0,847,39,42,57,32,65,60,51,51,81,70,61,49,35,29,38,26,24,24,10,3,0,3035,120,173,171,98,150,179,194,228,245,266,268,178,158,126,128,110,94,75,43,22,9,1488,55,95,87,43,78,84,99,127,119,133,146,90,87,64,66,49,33,20,10,3,0,1547,65,78,84,55,72,95,95,101,126,133,122,88,71,62,62,61,61,55,33,19,9,2401,105,100,120,89,145,203,163,204,177,202,185,136,134,90,123,76,56,60,30,3,0,1231,56,48,57,42,73,111,89,115,95,112,98,61,77,39,72,39,20,17,9,1,0,1170,49,52,63,47,72,92,74,89,82,90,87,75,57,51,51,37,36,43,21,2,0,2846,143,136,111,99,121,198,192,281,236,241,249,199,158,114,103,105,73,54,28,5,0,1402,76,71,51,53,51,96,93,142,122,124,132,102,81,56,47,45,30,22,6,2,0,1444,67,65,60,46,70,102,99,139,114,117,117,97,77,58,56,60,43,32,22,3,0,3776,130,144,152,162,179,191,223,232,257,352,381,377,259,192,196,152,101,54,31,10,2,1797,66,67,76,75,71,94,110,109,130,180,176,191,136,96,96,63,31,16,10,4,0,1979,64,77,76,87,108,97,113,123,127,172,205,186,123,96,100,89,70,38,20,6,2,1089,24,23,26,35,60,73,69,68,89,78,94,106,85,58,68,47,40,24,17,5,0,532,13,9,15,16,25,36,38,37,47,44,41,55,50,26,35,16,14,7,6,2,0,557,11,14,11,19,35,37,31,31,42,34,53,51,35,32,33,31,26,17,11,3,0,678,15,22,27,23,43,43,34,49,55,56,48,41,39,31,39,29,30,24,20,9,1,334,5,12,15,9,25,23,18,22,31,30,27,27,19,15,17,11,10,9,2,7,0,344,10,10,12,14,18,20,16,27,24,26,21,14,20,16,22,18,20,15,18,2,1,1766,58,70,82,63,79,121,95,104,170,193,201,137,84,84,72,59,41,32,17,4,0,883,28,38,38,39,42,63,48,52,94,94,101,67,40,43,36,25,17,11,7,0,0,883,30,32,44,24,37,58,47,52,76,99,100,70,44,41,36,34,24,21,10,4,0,2938,111,116,102,95,144,242,221,230,224,262,214,217,213,154,133,107,54,61,26,11,1,1504,56,68,60,46,67,122,124,114,130,127,108,119,111,82,68,48,21,22,9,2,0,1434,55,48,42,49,77,120,97,116,94,135,106,98,102,72,65,59,33,39,17,9,1,1162,43,57,50,39,80,100,93,88,113,115,82,72,45,38,48,41,33,17,7,1,0,601,28,26,24,25,44,48,45,48,62,58,48,37,25,19,23,18,16,7,0,0,0,561,15,31,26,14,36,52,48,40,51,57,34,35,20,19,25,23,17,10,7,1,0,1499,62,61,44,50,131,112,111,119,117,108,122,108,77,61,78,64,27,31,15,1,0,730,33,28,19,27,51,53,44,67,57,64,68,53,42,32,34,33,12,10,3,0,0,769,29,33,25,23,80,59,67,52,60,44,54,55,35,29,44,31,15,21,12,1,0,2469,110,117,87,83,128,169,155,199,158,194,203,157,137,111,142,117,82,71,35,11,3,1218,50,50,52,44,58,85,72,105,81,104,105,85,77,57,76,46,42,22,6,1,0,1251,60,67,35,39,70,84,83,94,77,90,98,72,60,54,66,71,40,49,29,10,3,2322,72,80,54,92,122,142,153,157,144,189,205,170,142,130,139,116,89,84,30,10,2,1189,42,39,33,45,61,74,81,80,77,107,113,94,81,66,65,53,37,31,7,3,0,1133,30,41,21,47,61,68,72,77,67,82,92,76,61,64,74,63,52,53,23,7,2,0,0,0,0,0,0,0,0,0,0,0,0,0,0,0,0,0,0,0,0,0,0,0,0,0,0,0,0,0,0,0,0,0,0,0,0,0,0,0,0,0,0,0,0,0,0,0,0,0,0,0,0,0,0,0,0,0,0,0,0,0,0,0,0,0,0,2568,119,156,118,113,131,140,131,196,189,234,193,150,121,92,133,119,123,74,25,10,1,1300,61,82,65,57,63,80,67,103,94,132,98,80,64,50,65,47,52,31,8,1,0,1268,58,74,53,56,68,60,64,93,95,102,95,70,57,42,68,72,71,43,17,9,1,1504,35,51,56,82,128,117,83,82,106,84,127,109,100,88,81,62,50,47,15,1,0,818,22,28,26,54,83,70,49,41,61,36,72,58,52,48,46,29,24,15,3,1,0,686,13,23,30,28,45,47,34,41,45,48,55,51,48,40,35,33,26,32,12,0,0,2217,75,122,133,95,105,149,140,157,186,202,186,143,97,78,112,90,69,51,19,8,0,1174,38,62,71,41,62,88,84,74,100,109,104,85,49,45,58,35,29,26,10,4,0,1043,37,60,62,54,43,61,56,83,86,93,82,58,48,33,54,55,40,25,9,4,0,3240,53,110,231,370,206,102,75,102,216,410,431,270,160,150,141,100,58,36,16,3,0,1618,31,55,122,194,108,42,34,50,90,209,217,155,77,74,64,47,25,15,8,1,0,1622,22,55,109,176,98,60,41,52,126,201,214,115,83,76,77,53,33,21,8,2,0,2685,51,70,95,93,129,128,112,123,146,182,225,234,205,181,282,187,130,74,33,5,0,1341,32,36,52,52,66,65,67,65,79,99,95,118,106,95,138,81,52,32,8,3,0,1344,19,34,43,41,63,63,45,58,67,83,130,116,99,86,144,106,78,42,25,2,0,927,44,51,46,49,49,53,66,58,60,71,92,80,51,37,35,26,34,17,6,2,0,496,21,25,26,29,29,28,38,27,37,34,54,42,32,23,16,14,12,5,3,1,0,431,23,26,20,20,20,25,28,31,23,37,38,38,19,14,19,12,22,12,3,1,0,1103,64,61,60,42,43,83,77,126,100,120,73,50,37,22,44,33,29,23,11,5,0,588,35,26,37,18,23,49,41,73,57,66,49,28,21,9,17,1